{
  "CONTRIBUTING.md": 1777556933.3255985,
  "CHANGELOG.md": 1777557057.3864317,
  "README.md": 1777556880.6357238,
  "shared/design-foundations.md": 1776779485.2532258,
  "shared/data-schemas.md": 1776779501.9321675,
  "shared/eea-style-guide.md": 1776779490.0692506,
  "instructions/README.md": 1777557025.330459,
  "skills/README.md": 1777557007.8284786,
  "skills/docker-expert/SKILL.md": 1777557074.2384214,
  "agents/README.md": 1777557016.7314682,
  "docs/RESTRUCTURE-PLAN.md": 1777557665.7592514,
  "docs/SYNC-STRATEGY.md": 1777556986.3175068,
  "workflows/data-report.md": 1776779506.1581385,
  "plugins/README.md": 1777557040.7474446,
  "src/skills/README.md": 1777556996.6854925,
  "src/skills/docker-expert/EEA-OVERRIDES.md": 1776779474.7003605,
  "src/skills/docker-expert/SKILL.md": 1776779482.441305,
  "rules/README.md": 1777557034.77145
}